test_id,ref_id,test_name,ref_name,similarity
24752,24752,goldenstarco,goldenstarco,1.0
21957,21957,alshaykhdiyab,alshaykhdiyab,1.0
17237,17237,jahantechrooyanpars,jahantechrooyanpars,1.0
9391,9391,sotogilyolandaesthela,sotogilyolandaesthela,1.0
41497,41497,klaretaviationlimited,klaretaviationlimited,1.0
15843,15843,villasanchezarnoldo,villasanchezarnoldo,1.0
10762,10762,belarusianoiltradehouse,belarusianoiltradehouse,1.0
22609,22609,lihongri,lihongri,1.0
52086,52086,soodrahul,soodrahul,1.0
36869,36869,safinlenarrinatovich,safinlenarrinatovich,1.0
39200,39200,titskiyantonrobertovich,titskiyantonrobertovich,1.0
26126,26126,yaghoubimiabhossein,yaghoubimiabhossein,1.0
26899,26899,lanatv,lanatv,1.0
44849,44849,npkfotonikalimitedliabilitycompany,npkfotonikalimitedliabilitycompany,1.0
35391,35391,shargunovsergeyaleksandrovich,shargunovsergeyaleksandrovich,1.0
37304,37304,vodolatskyvictorpetrovich,vodolatskyvictorpetrovich,1.0
37684,37684,jointstockcompanyresearchanddevelopmententerprisealmaz,jointstockcompanyresearchanddevelopmententerprisealmaz,1.0
9542,9542,scorecommercialcompanyltd,scorecommercialcompanyltd,1.0
45315,45315,valerianlabsdistributioncorp,valerianlabsdistributioncorp,1.0
47353,47353,kyawwinpaing,kyawwinpaing,1.0
11008,11008,grupoindustrialgaxiolahermanossadecv,grupoindustrialgaxiolahermanossadecv,1.0
16462,16462,urdinolaalvarezhectormario,urdinolaalvarezhectormario,1.0
27585,27585,guptaajay,guptaajay,1.0
44845,44845,intechengineeringltd,intechengineeringltd,1.0
22096,22096,alfakhurihusamadbdalbarr,alfakhurihusamadbdalbarr,1.0
42209,42209,waldauinvestmentslimited,waldauinvestmentslimited,1.0
38759,38759,zaonttsmodul,zaonttsmodul,1.0
48015,48015,limitedliabilitycompanyshipbuildingcomplexzvezda,limitedliabilitycompanyshipbuildingcomplexzvezda,1.0
18822,18822,agricolatavosprderl,agricolatavosprderl,1.0
47679,47679,pogiblovgeorgiisemenovich,pogiblovgeorgiisemenovich,1.0
33023,33023,sysoyevvasiliyvasilievich,sysoyevvasiliyvasilievich,1.0
40967,40967,multiwelltradingcolimited,multiwelltradingcolimited,1.0
22005,22005,sharbamuzhir,sharbamuzhir,1.0
11223,11223,suluchi,suluchi,1.0
32712,32712,bunakovandreinikolayevich,bunakovandreinikolayevich,1.0
44877,44877,jointstockcompanyavtovaz,jointstockcompanyavtovaz,1.0
15101,15101,rabieehamidreza,rabieehamidreza,1.0
48320,48320,shenzhen5ghightechinnovationcolimited,shenzhen5ghightechinnovationcolimited,1.0
52654,52654,jointstockcompanyaeroelektromash,jointstockcompanyaeroelektromash,1.0
39140,39140,limitedliabilitycompanyyadrofabdubna,limitedliabilitycompanyyadrofabdubna,1.0
8389,8389,mubarakumidmedhat,mubarakumidmedhat,1.0
16841,16841,velinvestmentdoo,velinvestmentdoo,1.0
35199,35199,jscpkkmilandr,jscpkkmilandr,1.0
51454,51454,centrocreditbank,centrocreditbank,1.0
49199,49199,limitedliabilitycompanyproductionplantnamedaftershaumyan,limitedliabilitycompanyproductionplantnamedaftershaumyan,1.0
25912,25912,kishasianavak,kishasianavak,1.0
41114,41114,limitedliabilitycompanyosnovalab,limitedliabilitycompanyosnovalab,1.0
37664,37664,krylovstatescientificcenterfederalstateunitaryenterprise,krylovstatescientificcenterfederalstateunitaryenterprise,1.0
47545,47545,it1kholding,it1kholding,1.0
46669,46669,changguangsatellitetechnologycoltd,changguangsatellitetechnologycoltd,1.0
43284,43284,pawellshippingcollp,pawellshippingcollp,1.0
17166,17166,alaniziabdalrahmankhalafubaydjuday,alaniziabdalrahmankhalafubaydjuday,1.0
50172,50172,machinelearninglabsro,machinelearninglabsro,1.0
49964,49964,jointstockcompanyakmetron,jointstockcompanyakmetron,1.0
32124,32124,vabo2017ood,vabo2017ood,1.0
26585,26585,smilewalletllc,smilewalletllc,1.0
6939,6939,alahdalmohammadhamdimohammadsadiq,alahdalmohammadhamdimohammadsadiq,1.0
10391,10391,islamicrevolutionaryguardcorps,islamicrevolutionaryguardcorps,1.0
16363,16363,bokoharam,bokoharam,1.0
8813,8813,komotko,komotko,1.0
10587,10587,noormuhammadabdulmajeed,noormuhammadabdulmajeed,1.0
49161,49161,gasindustryinsurancecompanysogaz,gasindustryinsurancecompanysogaz,1.0
41664,41664,resguardodevaloresyserviciosintegralesrsvisadecv,resguardodevaloresyserviciosintegralesrsvisadecv,1.0
9406,9406,inmobiliariaelescorpiondelnortesadecv,inmobiliariaelescorpiondelnortesadecv,1.0
45709,45709,albatrosooo,albatrosooo,1.0
28313,28313,superlanoadolforamon,superlanoadolforamon,1.0
23323,23323,kanilaigroupinternational,kanilaigroupinternational,1.0
45027,45027,jointstockcompany419aircraftrepairplant,jointstockcompany419aircraftrepairplant,1.0
50770,50770,jointstockcompanymoscowscientificandproductioncomplexofavionicaovuspensky,jointstockcompanymoscowscientificandproductioncomplexofavionicaovuspensky,1.0
19937,19937,inversioneslaplatammsenca,inversioneslaplatammsenca,1.0
22267,22267,alhamidhashimmuhsinaydarus,alhamidhashimmuhsinaydarus,1.0
40737,40737,shamsabadihossein,shamsabadihossein,1.0
45552,45552,agrovocedoolaktasi,agrovocedoolaktasi,1.0
10584,10584,salimihosein,salimihosein,1.0
48552,48552,llcinnobeton21,llcinnobeton21,1.0
27963,27963,bayaltunismail,bayaltunismail,1.0
19494,19494,riyongmu,riyongmu,1.0
36456,36456,bitriverag,bitriverag,1.0
36860,36860,savchenkoevgenystepanovich,savchenkoevgenystepanovich,1.0
35005,35005,llcvebservice,llcvebservice,1.0
35859,35859,publicjointstockcompanyarzamasskoenauchnoproizvodstvennoepredpriyatietempavia,publicjointstockcompanyarzamasskoenauchnoproizvodstvennoepredpriyatietempavia,1.0
34502,34502,oootamozhennayakarta,oootamozhennayakarta,1.0
36828,36828,mitinsergeigerasimovich,mitinsergeigerasimovich,1.0
51038,51038,ayttcnctakimtezgahlarimakinesanayiveticaretlimitedsirketi,ayttcnctakimtezgahlarimakinesanayiveticaretlimitedsirketi,1.0
36786,36786,gusevdenisvladimirovich,gusevdenisvladimirovich,1.0
21546,21546,ofogsabzedaryacompany,ofogsabzedaryacompany,1.0
22097,22097,tabaqqasim,tabaqqasim,1.0
37725,37725,sosonnyyalekseypetrovich,sosonnyyalekseypetrovich,1.0
36849,36849,petinairinaalexandrovna,petinairinaalexandrovna,1.0
52092,52092,royalsonaosoo,royalsonaosoo,1.0
35649,35649,kolesnikovolegalekseyevich,kolesnikovolegalekseyevich,1.0
27000,27000,maychouali,maychouali,1.0
23787,23787,yuktungenergypteltd,yuktungenergypteltd,1.0
26726,26726,ruzzateranilianajosefa,ruzzateranilianajosefa,1.0
16961,16961,girkinigorvsevolodovich,girkinigorvsevolodovich,1.0
51887,51887,marsaenergytradingdmcc,marsaenergytradingdmcc,1.0
13173,13173,coloradocessafranciscoantonio,coloradocessafranciscoantonio,1.0
13406,13406,esparragozagastelumbrendaguadalupe,esparragozagastelumbrendaguadalupe,1.0
48620,48620,xianlongdetechnologydevelopmentcompanylimited,xianlongdetechnologydevelopmentcompanylimited,1.0
19037,19037,inresbankooo,inresbankooo,1.0
41079,41079,polaraizooo,polaraizooo,1.0
46705,46705,internationalcompanylimitedliabilitycompanykhorvik,internationalcompanylimitedliabilitycompanykhorvik,1.0
31673,31673,prigozhinalyubovvalentinovna,prigozhinalyubovvalentinovna,1.0
24652,24652,erpscan,erpscan,1.0
25840,25840,pacificshippingandtransportationlimited,pacificshippingandtransportationlimited,1.0
35002,35002,llcresortzolotoekoltso,llcresortzolotoekoltso,1.0
47840,47840,publicjointstockcompanypikspecializedhomebuilder,publicjointstockcompanypikspecializedhomebuilder,1.0
42256,42256,gaviatradingsptyltd,gaviatradingsptyltd,1.0
26749,26749,tabajahassan,tabajahassan,1.0
35585,35585,vybornyanatolyborisovich,vybornyanatolyborisovich,1.0
45695,45695,oooabsolyutshar,oooabsolyutshar,1.0
17177,17177,berezinfedor,berezinfedor,1.0
34025,34025,shanghaihongmancartoonandanimationdesignstudio,shanghaihongmancartoonandanimationdesignstudio,1.0
48660,48660,jointstockcompanyrmtechnologies,jointstockcompanyrmtechnologies,1.0
21033,21033,carouriasefrain,carouriasefrain,1.0
17509,17509,abdulkarimgroup,abdulkarimgroup,1.0
11486,11486,grupofalconsa,grupofalconsa,1.0
18329,18329,eblatradeservicessaloffshore,eblatradeservicessaloffshore,1.0
35400,35400,arefyevnikolayvasilyevich,arefyevnikolayvasilyevich,1.0
41917,41917,internationalinvestmentbank,internationalinvestmentbank,1.0
47671,47671,keisstudio,keisstudio,1.0
50937,50937,fkhklimited,fkhklimited,1.0
44966,44966,jointstockcompanyechelonunionforscienceanddevelopment,jointstockcompanyechelonunionforscienceanddevelopment,1.0
30373,30373,kavehparsminingindustriesdevelopmentcompany,kavehparsminingindustriesdevelopmentcompany,1.0
38644,38644,medvedevilyadmitrievich,medvedevilyadmitrievich,1.0
22130,22130,musafiras,musafiras,1.0
20578,20578,mansudaeoverseasprojectgroupofcompanies,mansudaeoverseasprojectgroupofcompanies,1.0
47520,47520,printproduct,printproduct,1.0
51181,51181,limitedliabilitycompanyevrosel,limitedliabilitycompanyevrosel,1.0
48759,48759,chengdukeylinkwirelesstechnologycoltd,chengdukeylinkwirelesstechnologycoltd,1.0
25647,25647,advancedtechnologiescompanyofiran,advancedtechnologiescompanyofiran,1.0
28062,28062,spravaainkasozmenieksro,spravaainkasozmenieksro,1.0
18729,18729,vtbcapitalholdingsclosedjointstockcompany,vtbcapitalholdingsclosedjointstockcompany,1.0
52344,52344,tridentinfinitylimited,tridentinfinitylimited,1.0
48676,48676,altafaliasghar,altafaliasghar,1.0
24343,24343,fursenkosergei,fursenkosergei,1.0
30687,30687,denizmustafaalper,denizmustafaalper,1.0
7698,7698,jelavicante,jelavicante,1.0
32337,32337,aldekerasef,aldekerasef,1.0
21557,21557,ervindanesharyancompany,ervindanesharyancompany,1.0
7894,7894,mahdiadilabdallah,mahdiadilabdallah,1.0
16463,16463,padiernapenaluisorlando,padiernapenaluisorlando,1.0
35608,35608,dimovolegdmitriyevich,dimovolegdmitriyevich,1.0
12744,12744,chamholding,chamholding,1.0
6663,6663,comercializadoradecarnesltda,comercializadoradecarnesltda,1.0
34679,34679,tekhnosoftooo,tekhnosoftooo,1.0
8331,8331,almalikishabiblazem,almalikishabiblazem,1.0
28006,28006,ortegamurillorafaelantonio,ortegamurillorafaelantonio,1.0
40207,40207,everlastingempirelimited,everlastingempirelimited,1.0
17163,17163,tsaryovolehanatolievich,tsaryovolehanatolievich,1.0
26172,26172,olawoobacwilliam,olawoobacwilliam,1.0
24546,24546,isisinthegreatersahara,isisinthegreatersahara,1.0
30288,30288,sunshihmei,sunshihmei,1.0
18688,18688,aghatorek,aghatorek,1.0
36061,36061,shishkinandreinikolaevich,shishkinandreinikolaevich,1.0
24388,24388,lomuromartinelia,lomuromartinelia,1.0
35569,35569,buduyevnikolayrobertovich,buduyevnikolayrobertovich,1.0
39586,39586,dekoningmartinuspterushenrikus,dekoningmartinuspterushenrikus,1.0
10621,10621,beltranromeromireyadenisse,beltranromeromireyadenisse,1.0
16649,16649,rogozindmitryolegovich,rogozindmitryolegovich,1.0
7267,7267,essabarzakarya,essabarzakarya,1.0
40156,40156,kouchakzaeiebrahim,kouchakzaeiebrahim,1.0
31952,31952,alfayidrisaliawwad,alfayidrisaliawwad,1.0
22415,22415,rivierasunriseresortspa,rivierasunriseresortspa,1.0
18249,18249,theeaglesllc,theeaglesllc,1.0
35535,35535,abakarovkhizrimagomedovich,abakarovkhizrimagomedovich,1.0
34059,34059,palatinasarlu,palatinasarlu,1.0
7819,7819,diasdemendoncaleonardo,diasdemendoncaleonardo,1.0
51962,51962,petroengineeringlimitedliabilitycompany,petroengineeringlimitedliabilitycompany,1.0
27183,27183,pentaoceanshipmanagementandoperationllc,pentaoceanshipmanagementandoperationllc,1.0
16660,16660,matviyenkovalentinaivanovna,matviyenkovalentinaivanovna,1.0
49243,49243,gruppapromavto,gruppapromavto,1.0
22610,22610,pisklinmikhailyurevich,pisklinmikhailyurevich,1.0
42021,42021,yuesemmarkirovkaooo,yuesemmarkirovkaooo,1.0
31004,31004,chaconmirandaalejandro,chaconmirandaalejandro,1.0
36017,36017,turangtransittasimacilikanonimsirketi,turangtransittasimacilikanonimsirketi,1.0
51784,51784,loengoshippingandtraderlimited,loengoshippingandtraderlimited,1.0
32125,32125,lotterybgood,lotterybgood,1.0
47993,47993,olimpikgamaicvedisticaretsanayilimitedsirketi,olimpikgamaicvedisticaretsanayilimitedsirketi,1.0
49901,49901,falchinimassimo,falchinimassimo,1.0
35660,35660,kushnarevvitaliyvasilyevich,kushnarevvitaliyvasilyevich,1.0
30761,30761,zarandiraniansteelcompany,zarandiraniansteelcompany,1.0
23092,23092,kimminchol,kimminchol,1.0
11482,11482,agroespinalsa,agroespinalsa,1.0
40873,40873,popovyegorsergeyevich,popovyegorsergeyevich,1.0
21071,21071,ascarrierinternacionalsadecv,ascarrierinternacionalsadecv,1.0
26211,26211,tindayapropertiesholdingusacorp,tindayapropertiesholdingusacorp,1.0
50283,50283,korobkonikolaialekseevich,korobkonikolaialekseevich,1.0
52036,52036,limitedliabilitycompanyinzhiniringoviytsentravtonomnayaenergetika,limitedliabilitycompanyinzhiniringoviytsentravtonomnayaenergetika,1.0
49389,49389,jointstockcompanyolovyannayarudnayakompaniya,jointstockcompanyolovyannayarudnayakompaniya,1.0
49564,49564,prointeritssdoobanjalukaclaninfinityinternationalgroup,prointeritssdoobanjalukaclaninfinityinternationalgroup,1.0
48831,48831,jointstockcompanyuralscientificandtechnologicalcomplex,jointstockcompanyuralscientificandtechnologicalcomplex,1.0
46684,46684,limitedliabilitycompanyscientificresearchinstituteforprecisionmechanics,limitedliabilitycompanyscientificresearchinstituteforprecisionmechanics,1.0
25462,25462,twelfthoceanadministrationgmbh,twelfthoceanadministrationgmbh,1.0
19583,19583,koreazuzagbongmaritimeltd,koreazuzagbongmaritimeltd,1.0
8319,8319,aldajaninadims,aldajaninadims,1.0
47927,47927,jointstockcompanyset1,jointstockcompanyset1,1.0
44216,44216,mcitradingdoobeogradpalilula,mcitradingdoobeogradpalilula,1.0
49829,49829,alexandreorloffltd,alexandreorloffltd,1.0
16868,16868,jointstockcompanyconcernradioelectronictechnologies,jointstockcompanyconcernradioelectronictechnologies,1.0
11783,11783,bosquedesantateresitaltda,bosquedesantateresitaltda,1.0
47964,47964,limitedliabilitycompanyseptember,limitedliabilitycompanyseptember,1.0
26581,26581,kimiyapakhshshargh,kimiyapakhshshargh,1.0
10369,10369,azzaairtransportcompanyltd,azzaairtransportcompanyltd,1.0
16417,16417,ishidashoroku,ishidashoroku,1.0
51606,51606,veteran,veteran,1.0
51503,51503,argotankergroupllc,argotankergroupllc,1.0
11413,11413,representacionesorientesrl,representacionesorientesrl,1.0
43234,43234,abramchenkoviktoriyavaleriyevna,abramchenkoviktoriyavaleriyevna,1.0
46591,46591,veleslavovdmitriialeksandrovich,veleslavovdmitriialeksandrovich,1.0
7706,7706,karadzicjovicevicsonja,karadzicjovicevicsonja,1.0
32683,32683,industrialunitaryenterpriseoilbitumenplant,industrialunitaryenterpriseoilbitumenplant,1.0
50279,50279,jointstockcompanystratimtech,jointstockcompanystratimtech,1.0
33983,33983,revolutionaryarmedforcesofcolombiapeoplesarmy,revolutionaryarmedforcesofcolombiapeoplesarmy,1.0
47286,47286,loschoneros,loschoneros,1.0
19534,19534,hyongwangil,hyongwangil,1.0
48323,48323,alzeinmazenhassan,alzeinmazenhassan,1.0
24230,24230,gazgroup,gazgroup,1.0
44083,44083,closedjointstockcompanysuperconductingnanotechnology,closedjointstockcompanysuperconductingnanotechnology,1.0
35459,35459,gusevdmitrygennadyevich,gusevdmitrygennadyevich,1.0
35015,35015,krugovovantonalekseevich,krugovovantonalekseevich,1.0
15160,15160,petrosuisseintertradecompanysa,petrosuisseintertradecompanysa,1.0
47625,47625,tklogimeks,tklogimeks,1.0
23568,23568,kinefooo,kinefooo,1.0
21939,21939,nasifsaba,nasifsaba,1.0
49525,49525,emitradefze,emitradefze,1.0
9978,9978,uribeuribemiguelangel,uribeuribemiguelangel,1.0
9754,9754,nawayhajiali,nawayhajiali,1.0
29882,29882,ghadirianhamidreza,ghadirianhamidreza,1.0
21735,21735,risuyong,risuyong,1.0
35960,35960,timchenkoelenapetrovna,timchenkoelenapetrovna,1.0
45955,45955,limitedliabilitycompanydzhielelrus,limitedliabilitycompanydzhielelrus,1.0
28061,28061,spravaainkasopohladavoksro,spravaainkasopohladavoksro,1.0
7219,7219,askatasuna,askatasuna,1.0
32033,32033,propertyvbood,propertyvbood,1.0
50553,50553,taliehsabzjehangroupcompany,taliehsabzjehangroupcompany,1.0
12299,12299,jayshaladl,jayshaladl,1.0
33273,33273,blackdropintlcolimited,blackdropintlcolimited,1.0
8420,8420,blotointernationalcompany,blotointernationalcompany,1.0
50448,50448,jiangpingshippingincorporated,jiangpingshippingincorporated,1.0
12477,12477,bonyadtaavonsepah,bonyadtaavonsepah,1.0
18628,18628,loschatas,loschatas,1.0
10313,10313,castropaezjhonpaul,castropaezjhonpaul,1.0
52027,52027,kruoverseaslimited,kruoverseaslimited,1.0
45729,45729,kobolttradingfzllc,kobolttradingfzllc,1.0
15953,15953,nouripetrochemicalcompany,nouripetrochemicalcompany,1.0
23229,23229,pichuginyuriviktorovich,pichuginyuriviktorovich,1.0
43223,43223,limitedliabilitycompanyvoskhodmanagementcompany,limitedliabilitycompanyvoskhodmanagementcompany,1.0
44237,44237,ozeanhorizontbauwerkegmbh,ozeanhorizontbauwerkegmbh,1.0
21026,21026,floresesparzamoises,floresesparzamoises,1.0
48550,48550,jscvladimirplantofprecisionalloys,jscvladimirplantofprecisionalloys,1.0
51890,51890,doubleharmonymarinecorporation,doubleharmonymarinecorporation,1.0
52665,52665,isaevvladislavvasilievich,isaevvladislavvasilievich,1.0
47131,47131,hirzallahthairabdalraziqshukri,hirzallahthairabdalraziqshukri,1.0
18600,18600,alshairihusaynalsalihinsalih,alshairihusaynalsalihinsalih,1.0
3750,3750,internationalcobaltcoinc,internationalcobaltcoinc,1.0
37779,37779,jointstockcompanyscientificproductionenterprisekontakt,jointstockcompanyscientificproductionenterprisekontakt,1.0
48532,48532,aktsionernoeobshchestvozavodproton,aktsionernoeobshchestvozavodproton,1.0
21744,21744,jocholsong,jocholsong,1.0
22062,22062,qanbarkhalidzaki,qanbarkhalidzaki,1.0
49453,49453,varshavskiyborisnikolaevich,varshavskiyborisnikolaevich,1.0
44141,44141,limitedliabilitycompanylegion,limitedliabilitycompanylegion,1.0
39482,39482,jmprovidersofficesadecv,jmprovidersofficesadecv,1.0
12179,12179,coboledesmajuancarlos,coboledesmajuancarlos,1.0
7735,7735,martinovicvinko,martinovicvinko,1.0
13007,13007,desarrollosinmobiliarioscitadelsadecv,desarrollosinmobiliarioscitadelsadecv,1.0
26532,26532,zagrospardiskish,zagrospardiskish,1.0
35397,35397,yushchenkoalexanderandreyevich,yushchenkoalexanderandreyevich,1.0
50188,50188,interasiatradinggrouplimited,interasiatradinggrouplimited,1.0
52638,52638,jointstockcompanyscientificproductionenterpriserusbal,jointstockcompanyscientificproductionenterpriserusbal,1.0
39819,39819,hongkongaeoniancomplexcolimited,hongkongaeoniancomplexcolimited,1.0
44033,44033,kazanskiigosudarstvennyikazennyiporokhovoizavod,kazanskiigosudarstvennyikazennyiporokhovoizavod,1.0
33251,33251,yazdanparastomid,yazdanparastomid,1.0
23327,23327,africadamicrofinanceltd,africadamicrofinanceltd,1.0
46587,46587,elfortl,elfortl,1.0
35664,35664,lesunanatoliyfodorovich,lesunanatoliyfodorovich,1.0
29851,29851,sardashtinasrollah,sardashtinasrollah,1.0
50222,50222,uerubistar,uerubistar,1.0
38037,38037,serviceimmobiliereetgestionsas,serviceimmobiliereetgestionsas,1.0
30625,30625,almustafainternationaluniversity,almustafainternationaluniversity,1.0
49565,49565,kalderacompanyelpgpdoo,kalderacompanyelpgpdoo,1.0
50824,50824,jovehklimited,jovehklimited,1.0
48161,48161,tapfumaneyiasherwalter,tapfumaneyiasherwalter,1.0
22945,22945,dartairlines,dartairlines,1.0
7749,7749,musliuisak,musliuisak,1.0
47420,47420,datana,datana,1.0
15137,15137,sarvshippingcompanylimited,sarvshippingcompanylimited,1.0
35886,35886,jointstockcompanyconcernseaunderwaterweapongidropribor,jointstockcompanyconcernseaunderwaterweapongidropribor,1.0
48241,48241,azzamkhalilmuhammad,azzamkhalilmuhammad,1.0
15570,15570,abbasidavanifereidoun,abbasidavanifereidoun,1.0
50993,50993,otkrytoeaktsionernoeobshchestvoelektromashinostroitelnyizavodvelkont,otkrytoeaktsionernoeobshchestvoelektromashinostroitelnyizavodvelkont,1.0
51651,51651,shablyabogdan,shablyabogdan,1.0
10361,10361,rosarionieblacardozaaenp,rosarionieblacardozaaenp,1.0
15130,15130,homashippingcompanylimited,homashippingcompanylimited,1.0
49278,49278,limitedliabilitycompanykingisepskymachinebuildingplant,limitedliabilitycompanykingisepskymachinebuildingplant,1.0
11530,11530,cardenasguillenezequiel,cardenasguillenezequiel,1.0
46513,46513,aktsionernoeobshchestvoobedinennayainvestitsionnayagruppa,aktsionernoeobshchestvoobedinennayainvestitsionnayagruppa,1.0
37024,37024,nekommercheskayaorganizatsiyafondkhimicheskoerazoruzhenieikonversiya,nekommercheskayaorganizatsiyafondkhimicheskoerazoruzhenieikonversiya,1.0
45866,45866,obshchestvosogranichennoiotvetstvennostyukhaitiansng,obshchestvosogranichennoiotvetstvennostyukhaitiansng,1.0
33497,33497,toghroljerdiseyyedmehdihashemi,toghroljerdiseyyedmehdihashemi,1.0
19272,19272,urzhumtsevolegvyacheslavovich,urzhumtsevolegvyacheslavovich,1.0
49766,49766,medinadiazdomingo,medinadiazdomingo,1.0
46704,46704,limitedliabilitycompanygazpromlindeengineering,limitedliabilitycompanygazpromlindeengineering,1.0
46632,46632,globusturkeylojistikdisticaretlimitedsirketi,globusturkeylojistikdisticaretlimitedsirketi,1.0
10900,10900,beltranleyvaorganization,beltranleyvaorganization,1.0
23577,23577,jointstockcompanysurgutneftegasbank,jointstockcompanysurgutneftegasbank,1.0
17765,17765,rashidbaluchabdul,rashidbaluchabdul,1.0
50552,50552,amadbehinehsazengineeringcompany,amadbehinehsazengineeringcompany,1.0
48642,48642,nasabalirezashafie,nasabalirezashafie,1.0
13004,13004,figueroavasquezeziobenjamin,figueroavasquezeziobenjamin,1.0
48180,48180,golicsrebrenka,golicsrebrenka,1.0
17347,17347,fruminetiinvestmentsltd,fruminetiinvestmentsltd,1.0
11939,11939,hernandezbarronraul,hernandezbarronraul,1.0
12587,12587,barakzaiansarihajiabdullah,barakzaiansarihajiabdullah,1.0
23329,23329,africadainsurancecompany,africadainsurancecompany,1.0
22105,22105,shurufabdalhakim,shurufabdalhakim,1.0
50966,50966,shachenokdariaaleksandrovna,shachenokdariaaleksandrovna,1.0
10986,10986,aguirrecardonaarmando,aguirrecardonaarmando,1.0
47773,47773,piniginpavelivanovich,piniginpavelivanovich,1.0
50133,50133,enutekmakinasanayiveticaretlimitedsirketi,enutekmakinasanayiveticaretlimitedsirketi,1.0
40477,40477,changshatianyispacescienceandtechnologyresearchinstitutecoltd,changshatianyispacescienceandtechnologyresearchinstitutecoltd,1.0
20253,20253,yakimatradingcorporation,yakimatradingcorporation,1.0
40661,40661,nazarovaalinaolegovna,nazarovaalinaolegovna,1.0
51214,51214,publicjointstockcompanyscientificproductionenterpriseimpulse,publicjointstockcompanyscientificproductionenterpriseimpulse,1.0
47778,47778,limitedliabilitycompanyglobaltek,limitedliabilitycompanyglobaltek,1.0
48280,48280,knhshippingprivatelimited,knhshippingprivatelimited,1.0
18940,18940,wakedhatumnidalahmed,wakedhatumnidalahmed,1.0
37857,37857,serdyukovsergeyanatolevich,serdyukovsergeyanatolevich,1.0
37265,37265,ramosacostaalvaro,ramosacostaalvaro,1.0
39297,39297,adalekhalif,adalekhalif,1.0
26195,26195,gonzalezdellanleonardo,gonzalezdellanleonardo,1.0
52011,52011,jointstockcompanymagnezitholding,jointstockcompanymagnezitholding,1.0
37185,37185,jointstockcompanyntvbroadcastingcompany,jointstockcompanyntvbroadcastingcompany,1.0
28311,28311,moraleslloveranegalmanuel,moraleslloveranegalmanuel,1.0
47069,47069,alhadhanabilaliahmed,alhadhanabilaliahmed,1.0
35468,35468,wassermananatolyaleksandrovich,wassermananatolyaleksandrovich,1.0
34656,34656,promsvyazbankpublicjointstockcompany,promsvyazbankpublicjointstockcompany,1.0
15117,15117,nationaliraniantankercompany,nationaliraniantankercompany,1.0
18943,18943,wakedhatumjalalahmed,wakedhatumjalalahmed,1.0
48432,48432,okodesignbureau,okodesignbureau,1.0
33513,33513,baskaudzmitriyyurievich,baskaudzmitriyyurievich,1.0
16534,16534,mahmoudigholamreza,mahmoudigholamreza,1.0
28305,28305,iranaluminumcompany,iranaluminumcompany,1.0
30886,30886,alshakhanfuadahmadnuriali,alshakhanfuadahmadnuriali,1.0
17271,17271,abdulhameedshahabuddin,abdulhameedshahabuddin,1.0
20954,20954,syrianarabarmy,syrianarabarmy,1.0
11459,11459,alvimohammadmasoodazhar,alvimohammadmasoodazhar,1.0
23900,23900,delbrosoverseassa,delbrosoverseassa,1.0
41020,41020,llcspetsavia,llcspetsavia,1.0
11610,11610,metalmineraltradesarl,metalmineraltradesarl,1.0
51593,51593,limitedliabilitycompanyoilservicegarant,limitedliabilitycompanyoilservicegarant,1.0
45251,45251,mosenessetmenedzhmentllc,mosenessetmenedzhmentllc,1.0
10598,10598,aatradingfzco,aatradingfzco,1.0
31455,31455,aktsionernoeobshchestvopozitivteknolodzhiz,aktsionernoeobshchestvopozitivteknolodzhiz,1.0
13149,13149,guzmanlopezovidio,guzmanlopezovidio,1.0
48921,48921,demoyahernandezjosemiguel,demoyahernandezjosemiguel,1.0
7745,7745,morinaxhavit,morinaxhavit,1.0
21991,21991,rahhalmahmud,rahhalmahmud,1.0
38240,38240,kholdingovayakompaniyainterrosooo,kholdingovayakompaniyainterrosooo,1.0
10489,10489,orientaloilkish,orientaloilkish,1.0
47796,47796,shootingcenteraltayshooterltd,shootingcenteraltayshooterltd,1.0
35957,35957,frankkseniagennadevna,frankkseniagennadevna,1.0
50800,50800,companylimitedkomax,companylimitedkomax,1.0
49755,49755,qidonghengchengelectronicsfactory,qidonghengchengelectronicsfactory,1.0
21122,21122,serviciosempresarialesficiesadecv,serviciosempresarialesficiesadecv,1.0
30171,30171,rodriguezserranolucio,rodriguezserranolucio,1.0
20953,20953,darwishsajijamil,darwishsajijamil,1.0
17036,17036,ibrahimayman,ibrahimayman,1.0
16498,16498,alqaduliabdalrahmanmuhammadmustafa,alqaduliabdalrahmanmuhammadmustafa,1.0
39658,39658,artemovviktorsergiyovich,artemovviktorsergiyovich,1.0
44271,44271,naimanagementgmbh,naimanagementgmbh,1.0
47108,47108,shamlakhahmed,shamlakhahmed,1.0
35328,35328,sovanedvizhimostooo,sovanedvizhimostooo,1.0
11980,11980,lorenzanacordonwaldemar,lorenzanacordonwaldemar,1.0
50814,50814,limitedliabilitycompanymasterrm,limitedliabilitycompanymasterrm,1.0
11978,11978,lorenzanacordoneliuelixander,lorenzanacordoneliuelixander,1.0
51474,51474,tsentruchetairegistratsii,tsentruchetairegistratsii,1.0
26408,26408,paurajorgealejandro,paurajorgealejandro,1.0
18334,18334,greenshippingltd,greenshippingltd,1.0
11630,11630,nationaliranianoilcompanypteltd,nationaliranianoilcompanypteltd,1.0
12583,12583,aladalexchange,aladalexchange,1.0
39657,39657,nilforushanabbas,nilforushanabbas,1.0
19184,19184,larivierapanamasa,larivierapanamasa,1.0
50691,50691,kiselevdmitrykonstantinovich,kiselevdmitrykonstantinovich,1.0
24606,24606,commercialbankagrosoyuz,commercialbankagrosoyuz,1.0
29119,29119,alkanimohamed,alkanimohamed,1.0
52724,52724,hangzhouxianghetradingcoltd,hangzhouxianghetradingcoltd,1.0
25858,25858,azarpadqeshm,azarpadqeshm,1.0
13072,13072,shinodakenichi,shinodakenichi,1.0
24828,24828,takagiyasuo,takagiyasuo,1.0
23651,23651,rungtawankhirinat,rungtawankhirinat,1.0
46649,46649,jointstockcompanypromtechdubna,jointstockcompanypromtechdubna,1.0
11493,11493,aldarimuthannaharith,aldarimuthannaharith,1.0
25486,25486,eslamimansour,eslamimansour,1.0
15005,15005,roshanmoneyexchange,roshanmoneyexchange,1.0
26097,26097,maiwandeximprivatelimited,maiwandeximprivatelimited,1.0
44852,44852,vertikallimited,vertikallimited,1.0
33537,33537,directorateofdefenseindustries,directorateofdefenseindustries,1.0
30871,30871,abadanpowergenerationcompany,abadanpowergenerationcompany,1.0
35509,35509,tensergeyyuryevich,tensergeyyuryevich,1.0
27240,27240,gruppodomanosrl,gruppodomanosrl,1.0
44544,44544,limitedliabilitycompanyverus,limitedliabilitycompanyverus,1.0
46504,46504,ooorealeksport,ooorealeksport,1.0
28172,28172,noumayriye1057sal,noumayriye1057sal,1.0
25952,25952,fanavaranetemaadraahbarco,fanavaranetemaadraahbarco,1.0
51804,51804,hengtaishippinglimited,hengtaishippinglimited,1.0
8385,8385,malikassimmohammedrafiqabdul,malikassimmohammedrafiqabdul,1.0
9335,9335,coronelvillarealignacio,coronelvillarealignacio,1.0
44440,44440,mubeenahmed,mubeenahmed,1.0
52636,52636,limitedliabilitycompanyscientificandproductioncenterskada,limitedliabilitycompanyscientificandproductioncenterskada,1.0
22408,22408,kornetigoraleksandrovich,kornetigoraleksandrovich,1.0
16849,16849,dalianzhenghuamaoyiyouxiangongsi,dalianzhenghuamaoyiyouxiangongsi,1.0
29506,29506,institutonacionaldelosespaciosacuaticoseinsulares,institutonacionaldelosespaciosacuaticoseinsulares,1.0
16997,16997,megatrade,megatrade,1.0
24590,24590,allahkaramhossein,allahkaramhossein,1.0
45037,45037,jointstockcompanykraftwaycorporationpls,jointstockcompanykraftwaycorporationpls,1.0
10582,10582,dastjerdiahmadvahid,dastjerdiahmadvahid,1.0
46624,46624,destinarenel,destinarenel,1.0
52474,52474,velasquezaraguayanramoncelestino,velasquezaraguayanramoncelestino,1.0
45722,45722,hemsihosein,hemsihosein,1.0
26682,26682,gubermandavid,gubermandavid,1.0
47338,47338,zawtheinwin,zawtheinwin,1.0
18089,18089,consultoriaintegrallafuentesociedadcivil,consultoriaintegrallafuentesociedadcivil,1.0
40256,40256,bobryshevvolodymyrmykhailovych,bobryshevvolodymyrmykhailovych,1.0
43282,43282,uralsplantoftransportationmachineryjointstockcompany,uralsplantoftransportationmachineryjointstockcompany,1.0
51144,51144,limitedliabilitycompanyprecisionlasersystems,limitedliabilitycompanyprecisionlasersystems,1.0
27345,27345,saafartexzonafrancasas,saafartexzonafrancasas,1.0
25926,25926,qomenergygenerationgostar,qomenergygenerationgostar,1.0
32726,32726,recinosdebernalmarthacarolina,recinosdebernalmarthacarolina,1.0
40801,40801,bankzenitpublicjointstockcompany,bankzenitpublicjointstockcompany,1.0
30202,30202,binahmedrushdialqatirjihussam,binahmedrushdialqatirjihussam,1.0
52289,52289,jonginchol,jonginchol,1.0
22323,22323,koreacomputercenter,koreacomputercenter,1.0
12976,12976,juniorinternationalsa,juniorinternationalsa,1.0
24667,24667,fleuretteafricaresourcesibv,fleuretteafricaresourcesibv,1.0
12600,12600,shayestehbahramali,shayestehbahramali,1.0
42073,42073,khusnullinmaratshakirzyanovich,khusnullinmaratshakirzyanovich,1.0
18539,18539,alzarooniexchange,alzarooniexchange,1.0
38339,38339,farwellcanyonhklimited,farwellcanyonhklimited,1.0
31414,31414,obshchestvosogranichennoiotvetstvennostyuneobit,obshchestvosogranichennoiotvetstvennostyuneobit,1.0
27473,27473,shenluqian,shenluqian,1.0
15901,15901,dukuzovkazbek,dukuzovkazbek,1.0
51196,51196,turboshaftfze,turboshaftfze,1.0
8375,8375,iraqifreightserviceslimited,iraqifreightserviceslimited,1.0
35419,35419,sobolevviktorivanovich,sobolevviktorivanovich,1.0
48745,45766,csoftdevelopment,csoftdevelopment,1.0
27270,27270,bhardwajanuj,bhardwajanuj,1.0
52745,52745,corovicpavle,corovicpavle,1.0
40983,40983,bordoplasticmaterialstradingllc,bordoplasticmaterialstradingllc,1.0
17267,17267,wolsantinodeng,wolsantinodeng,1.0
52196,52196,kozlovaleksandrsergeyevich,kozlovaleksandrsergeyevich,1.0
6680,6680,serviautosunoa1alimitada,serviautosunoa1alimitada,1.0
52200,52200,limitedliabilitycompanytorgovyydomagroakhtuba,limitedliabilitycompanytorgovyydomagroakhtuba,1.0
45694,45694,zavodpodshipnikovykhuzlov,zavodpodshipnikovykhuzlov,1.0
50010,50010,limitedliabilitycompanyafinor,limitedliabilitycompanyafinor,1.0
46888,46888,ardestanimohammadmahdikhanpour,ardestanimohammadmahdikhanpour,1.0
26390,26390,netpeygardsamavatcompany,netpeygardsamavatcompany,1.0
51816,51816,jscbenergobank,jscbenergobank,1.0
12688,12688,salehbachir,salehbachir,1.0
12219,12219,koreataesongtradingcompany,koreataesongtradingcompany,1.0
21524,21524,gruposegtacsadecv,gruposegtacsadecv,1.0
36799,36799,ivanovsergeyborisovich,ivanovsergeyborisovich,1.0
37865,37865,danylchenkohalynaviktorivna,danylchenkohalynaviktorivna,1.0
51347,51347,nikestoinvestmentsltd,nikestoinvestmentsltd,1.0
50433,50433,ruienkootechnologycolimited,ruienkootechnologycolimited,1.0
51255,51255,aigstervillamizarcarloseduardo,aigstervillamizarcarloseduardo,1.0
36469,36469,ooobitriverb,ooobitriverb,1.0
46312,46312,almajidibasimmohammadhasab,almajidibasimmohammadhasab,1.0
35333,35333,jointstockcompanyfederalscientificandproductioncentertitanbarrikady,jointstockcompanyfederalscientificandproductioncentertitanbarrikady,1.0
40739,40739,valagoharabulghasem,valagoharabulghasem,1.0
46652,46652,limitedliabilitycompanygaancorporation,limitedliabilitycompanygaancorporation,1.0
47960,47960,limitedliabilitycompanycybersteelalabuga,limitedliabilitycompanycybersteelalabuga,1.0
50322,50322,limitedliabilitycompanyshakhtoupravleniyemaiskoye,limitedliabilitycompanyshakhtoupravleniyemaiskoye,1.0
51176,51176,obshchestvosogranichennoiotvetstvennostyuprogress,obshchestvosogranichennoiotvetstvennostyuprogress,1.0
9749,9749,limmteconomicandtradecompanyltd,limmteconomicandtradecompanyltd,1.0
47549,47549,publicjointstockcompanyspbbank,publicjointstockcompanyspbbank,1.0
52601,52601,abdallaahmed,abdallaahmed,1.0
46358,46358,royalshellgoodswholesalersllc,royalshellgoodswholesalersllc,1.0
7216,7216,rubenachroigjuanluis,rubenachroigjuanluis,1.0
50163,50163,obshchestvosogranichennoiotvetstvennostyuinstitutgipronikel,obshchestvosogranichennoiotvetstvennostyuinstitutgipronikel,1.0
35701,35701,pilipenkoolgavasilyevna,pilipenkoolgavasilyevna,1.0
41382,41382,yantaiyixuninternationaltradecoltd,yantaiyixuninternationaltradecoltd,1.0
29684,29684,cooperativadeahorroycreditocajaruralnacionalrl,cooperativadeahorroycreditocajaruralnacionalrl,1.0
50262,50262,jointstockcompanyresearchandproductionspacecentreprogress,jointstockcompanyresearchandproductionspacecentreprogress,1.0
21330,21330,kostyukovigorolegovich,kostyukovigorolegovich,1.0
12892,12892,salehkassemmohamad,salehkassemmohamad,1.0
50018,50018,46thcentralresearchanddevelopmentinstituteoftheministryofdefense,46thcentralresearchanddevelopmentinstituteoftheministryofdefense,1.0
16957,16957,feodosiyaenterprise,feodosiyaenterprise,1.0
51345,51345,jointstockcompanyperspectivetechnologiescenter,jointstockcompanyperspectivetechnologiescenter,1.0
7328,7328,isamuddinnurjamanriduan,isamuddinnurjamanriduan,1.0
37297,37297,alimovaolganikolaevna,alimovaolganikolaevna,1.0
11622,11622,petrochemicalcommercialcompanyinternational,petrochemicalcommercialcompanyinternational,1.0
23574,23574,pashkovvladimirigorevich,pashkovvladimirigorevich,1.0
25441,25441,iranohindshippingcompanyltd,iranohindshippingcompanyltd,1.0
50904,50904,ipc2ullc,ipc2ullc,1.0
18299,18299,rosnefttradingsa,rosnefttradingsa,1.0
36756,36756,akimovalexanderkonstantinovich,akimovalexanderkonstantinovich,1.0
35233,35233,lavrovsergeiviktorovich,lavrovsergeiviktorovich,1.0
10626,10626,aguirresanchezblancaarmida,aguirresanchezblancaarmida,1.0
23337,23337,homeandawayltd,homeandawayltd,1.0
48391,48391,arzategomezkevin,arzategomezkevin,1.0
47790,47790,limitedliabilitycompanytmkbusinessservicescenter,limitedliabilitycompanytmkbusinessservicescenter,1.0
49794,49794,suministroscombustiblesoceanossadecv,suministroscombustiblesoceanossadecv,1.0
30525,30525,ahmedshahzad,ahmedshahzad,1.0
50162,50162,limitedliabilitycompanynornikeltechnicalservices,limitedliabilitycompanynornikeltechnicalservices,1.0
21569,21569,avilarochamariamonserrat,avilarochamariamonserrat,1.0
25182,25182,mriyaresortspa,mriyaresortspa,1.0
30386,30386,kavehkhozestanaluminumcompany,kavehkhozestanaluminumcompany,1.0
47627,47627,kordeli,kordeli,1.0
33495,33495,kazemiseyyedmohammadhoseinmusa,kazemiseyyedmohammadhoseinmusa,1.0
38663,38663,galindmitriivladimirovich,galindmitriivladimirovich,1.0
48036,48036,jointstockcompanypervouralskiynewpipeplant,jointstockcompanypervouralskiynewpipeplant,1.0
50332,50332,metacncsanayiveticaretlimitedsirketi,metacncsanayiveticaretlimitedsirketi,1.0
46698,46698,limitedliabilitycompanykyivsquare,limitedliabilitycompanykyivsquare,1.0
39639,39639,fourcandherve,fourcandherve,1.0
40117,40117,andreevpavelviktorovich,andreevpavelviktorovich,1.0
17314,17314,kelmendibesnik,kelmendibesnik,1.0
48636,48636,psidmcc,psidmcc,1.0
44559,44559,uwimbabazisebastien,uwimbabazisebastien,1.0
45013,45013,limitedliabilitycompanypolyarnayagornorudnayakompaniya,limitedliabilitycompanypolyarnayagornorudnayakompaniya,1.0
45672,45672,jadallahwalidmohammedmustafa,jadallahwalidmohammedmustafa,1.0
35235,35235,novikovdmitriygeorgievich,novikovdmitriygeorgievich,1.0
35669,35669,loginovvyacheslavyuryevich,loginovvyacheslavyuryevich,1.0
49228,49228,jointstockcompanytizol,jointstockcompanytizol,1.0
34821,34821,neweasternoutlook,neweasternoutlook,1.0
8336,8336,alzibariarshadmuhammadahmadmuhammad,alzibariarshadmuhammadahmadmuhammad,1.0
25639,25639,exportdevelopmentbankofiran,exportdevelopmentbankofiran,1.0
23899,23899,technotransportemlca,technotransportemlca,1.0
16814,16814,karnermatevz,karnermatevz,1.0
34699,34699,alfacapitalmarketsltd,alfacapitalmarketsltd,1.0
19530,19530,nationalaerospacedevelopmentadministration,nationalaerospacedevelopmentadministration,1.0
35026,35026,yershovsergeyaleksandrovich,yershovsergeyaleksandrovich,1.0
18629,18629,mahmoodaqsa,mahmoodaqsa,1.0
40496,40496,desdefenseengineeringsolutionsltd,desdefenseengineeringsolutionsltd,1.0
49171,49171,lkkacompanylimited,lkkacompanylimited,1.0
31457,31457,mozhelyanskiyviktoranatolyevich,mozhelyanskiyviktoranatolyevich,1.0
46108,46108,alvaradorubioteresadejesus,alvaradorubioteresadejesus,1.0
48491,48491,hardberrylimitedliabilitycompany,hardberrylimitedliabilitycompany,1.0
6932,6932,alhamatisweetsbakeries,alhamatisweetsbakeries,1.0
12762,12762,moghadamismailahmadi,moghadamismailahmadi,1.0
47546,47546,technologyplatformlimitedliabilitycompany,technologyplatformlimitedliabilitycompany,1.0
18992,18992,hudsotradelimited,hudsotradelimited,1.0
31415,31415,federalstateautonomousscientificestablishmentscientificresearchinstitutespecializedsecuritycomputingdevicesandautomation,federalstateautonomousscientificestablishmentscientificresearchinstitutespecializedsecuritycomputingdevicesandautomation,1.0
15564,15564,iranpooya,iranpooya,1.0
37662,37662,jointstockcompanycorporationmoscowinstituteofheattechnology,jointstockcompanycorporationmoscowinstituteofheattechnology,1.0
11494,11494,tajideenkassim,tajideenkassim,1.0
25971,25971,iraniantitaniumdevelopment,iraniantitaniumdevelopment,1.0
42677,42677,publicjointstockcompanytyazhpressmashconsulting,publicjointstockcompanytyazhpressmashconsulting,1.0
15922,15922,transmultimechanicscoltd,transmultimechanicscoltd,1.0
23615,23615,esmeraldascolombianascerrogualiloltdaci,esmeraldascolombianascerrogualiloltdaci,1.0
37888,37888,llcvaltexst,llcvaltexst,1.0
48844,48844,limitedliabilitycompanyproizvodstvennotorgovayakompaniyaapriori,limitedliabilitycompanyproizvodstvennotorgovayakompaniyaapriori,1.0
46058,46058,kachanovolegyurevich,kachanovolegyurevich,1.0
8373,8373,investacastprecisioncastingsltd,investacastprecisioncastingsltd,1.0
50745,50745,aktsionernoeobshchestvotambovskiizavodoktyabr,aktsionernoeobshchestvotambovskiizavodoktyabr,1.0
36782,36782,fadzayevarsensuleymanovich,fadzayevarsensuleymanovich,1.0
47581,47581,mirdamadipouria,mirdamadipouria,1.0
12184,12184,florescachoalejandro,florescachoalejandro,1.0
42005,42005,inelsoooo,inelsoooo,1.0
44870,44870,jscagddiamonds,jscagddiamonds,1.0
9593,9593,khalilibrahimmohamed,khalilibrahimmohamed,1.0
43543,43543,boykosvetlanaandreyevna,boykosvetlanaandreyevna,1.0
37345,37345,moskvichevevgenysergeyevich,moskvichevevgenysergeyevich,1.0
45253,45253,dominionnikolskillc,dominionnikolskillc,1.0
15644,15644,chemicalindustriesdevelopmentofmaterialsgroup,chemicalindustriesdevelopmentofmaterialsgroup,1.0
37316,37316,dmitrievaoksanagenrikhovna,dmitrievaoksanagenrikhovna,1.0
26897,26897,orientclub,orientclub,1.0
35173,35173,shoigusergeikuzhugetovich,shoigusergeikuzhugetovich,1.0
37484,37484,sidarcompany,sidarcompany,1.0
35236,35236,osadchiynikolayivanovich,osadchiynikolayivanovich,1.0
20120,20120,choepuil,choepuil,1.0
17625,17625,yukwangho,yukwangho,1.0
20577,20577,chochunryong,chochunryong,1.0
45379,45379,hanhongpharmaceuticaltechnologycoltd,hanhongpharmaceuticaltechnologycoltd,1.0
47989,47989,ooostandardline,ooostandardline,1.0
50005,50005,scientificresearchinstituteforoptoelectronicinstrumentengineering,scientificresearchinstituteforoptoelectronicinstrumentengineering,1.0
41983,41983,llcevromikrotekh,llcevromikrotekh,1.0
23154,23154,korearungradoshippingco,korearungradoshippingco,1.0
50227,50227,llcmot,llcmot,1.0
21123,21123,jubayralrawifawazmuhammad,jubayralrawifawazmuhammad,1.0
15145,15145,denatankersfze,denatankersfze,1.0
37663,37663,jointstockcompanyramenskyinstrumentengineeringplant,jointstockcompanyramenskyinstrumentengineeringplant,1.0
46859,46859,byabashaijajohnson,byabashaijajohnson,1.0
9549,9549,kradumpornimportexportcompanyltd,kradumpornimportexportcompanyltd,1.0
11951,11951,guerraramirezrogelio,guerraramirezrogelio,1.0
24829,24829,mitsuyasukatsuaki,mitsuyasukatsuaki,1.0
16458,16458,usugatorresarley,usugatorresarley,1.0
25693,25693,rosascambaliliana,rosascambaliliana,1.0
7765,7765,pandurevicvinko,pandurevicvinko,1.0
39377,39377,hurtadoolascoagajohnny,hurtadoolascoagajohnny,1.0
49581,49581,alsaidihaydarmuzhirmalak,alsaidihaydarmuzhirmalak,1.0
20521,20521,diabyomar,diabyomar,1.0
10651,10651,comercialjoanasadecv,comercialjoanasadecv,1.0
38060,38060,limitedliabilitycompanyaviakompaniyadalnevostochnayaksm,limitedliabilitycompanyaviakompaniyadalnevostochnayaksm,1.0
33234,33234,shamsabdalrahmanabdalnabi,shamsabdalrahmanabdalnabi,1.0
52300,52300,nimbusinnovationsdoobanjaluka,nimbusinnovationsdoobanjaluka,1.0
8260,8260,alharamainbangladeshbranch,alharamainbangladeshbranch,1.0
45391,45391,zhangwei,zhangwei,1.0
44207,44207,pyramaxiarealestatedevelopmentgmbhcokg,pyramaxiarealestatedevelopmentgmbhcokg,1.0
17272,17272,sheikhumairnaeem,sheikhumairnaeem,1.0
32472,32472,yangjianping,yangjianping,1.0
12416,12416,molanotorresdeysiyamile,molanotorresdeysiyamile,1.0
45759,45759,llcf2innovations,llcf2innovations,1.0
16015,16015,goldenresourcestradingcompanyllc,goldenresourcestradingcompanyllc,1.0
39959,39959,mansouradelmohamad,mansouradelmohamad,1.0
50769,50769,limitedliabilitycompanykriogenaviann,limitedliabilitycompanykriogenaviann,1.0
10996,10996,bioesportsadecv,bioesportsadecv,1.0
52163,52163,houthinationalcommitteeforprisonersaffairs,houthinationalcommitteeforprisonersaffairs,1.0
37327,37327,kiriyanovartemyurievich,kiriyanovartemyurievich,1.0
41039,41039,parfenchikovarturolegovich,parfenchikovarturolegovich,1.0
16041,16041,reyniruengineeringcompany,reyniruengineeringcompany,1.0
36833,36833,mamsurovtaimurazdzhambekovich,mamsurovtaimurazdzhambekovich,1.0
32015,32015,eurobetpartnersood,eurobetpartnersood,1.0
35423,35423,yezerskynikolaynikolayevich,yezerskynikolaynikolayevich,1.0
13135,13135,samanbank,samanbank,1.0
49480,49480,sentimareenterpriseslimited,sentimareenterpriseslimited,1.0
17614,12211,kimyongchol,kimyongchol,1.0
39207,39207,filipchukpavloihorovych,filipchukpavloihorovych,1.0
17284,17284,salmanmaalim,salmanmaalim,1.0
52747,52747,yinkecheng,yinkecheng,1.0
18595,18595,hussainomar,hussainomar,1.0
49961,49961,limitedliabilitycompanyheadpoint,limitedliabilitycompanyheadpoint,1.0
23644,23644,mwissaguidonshimiray,mwissaguidonshimiray,1.0
20982,20982,kimsegon,kimsegon,1.0
46076,46076,albahadliimadnaji,albahadliimadnaji,1.0
46914,46914,mohammadabadimehdidehghani,mohammadabadimehdidehghani,1.0
17870,17870,beattiedebrionesmyriamsusana,beattiedebrionesmyriamsusana,1.0
47660,47660,vishnuinc,vishnuinc,1.0
47882,47882,jointstockcompanyfareastandarcticdevelopmentcorporation,jointstockcompanyfareastandarcticdevelopmentcorporation,1.0
28117,28117,petroviczelimir,petroviczelimir,1.0
44926,44926,tasnimnewsagency,tasnimnewsagency,1.0
4108,4108,rodriguezorejuelamiguelangel,rodriguezorejuelamiguelangel,1.0
52216,52216,shandongweidaheavyindustriescoltd,shandongweidaheavyindustriescoltd,1.0
35443,35443,naumovstanislavaleksandrovich,naumovstanislavaleksandrovich,1.0
23546,23546,grabchakevgeniypetrovich,grabchakevgeniypetrovich,1.0
15651,15651,doostaninternationalcompany,doostaninternationalcompany,1.0
35917,35917,sportivnoozdorovitelnyitsentrirkutzenit,sportivnoozdorovitelnyitsentrirkutzenit,1.0
10378,10378,aldurithabet,aldurithabet,1.0
48721,48721,zenshippingportindiaprivatelimited,zenshippingportindiaprivatelimited,1.0
46608,46608,sterlingshippingincorporated,sterlingshippingincorporated,1.0
41189,41189,starsapphiregrouppteltd,starsapphiregrouppteltd,1.0
22996,22702,kimtongchol,kimtongchol,1.0
34669,34669,psbforeksooo,psbforeksooo,1.0
11962,11962,montessermenojuangabriel,montessermenojuangabriel,1.0
51945,51945,obozovsergeialeksandrovich,obozovsergeialeksandrovich,1.0
22063,22063,salimahmad,salimahmad,1.0
18128,18128,hotelitodesconocido,hotelitodesconocido,1.0
22061,22061,alshaykhmuhammad,alshaykhmuhammad,1.0
42741,42599,bazghandirouhollah,bazghandirouhollah,1.0
7734,7734,marticmilan,marticmilan,1.0
49241,49241,aktsionernoeobshchestvostrela,aktsionernoeobshchestvostrela,1.0
44091,44091,jointstockcompanyscientificproductionenterpriseresearchanddesigninstituteofwelllogging,jointstockcompanyscientificproductionenterpriseresearchanddesigninstituteofwelllogging,1.0
33877,33877,civijakomerc,civijakomerc,1.0
34016,34016,oosawmyint,oosawmyint,1.0
45066,45066,najafianpuramer,najafianpuramer,1.0
48089,48089,celulandiatallerstoreslrc,celulandiatallerstoreslrc,1.0
24531,24531,najafpursaid,najafpursaid,1.0
23901,23901,dmitradinginc,dmitradinginc,1.0
50443,50443,lgmprocessdisticaretlimited,lgmprocessdisticaretlimited,1.0
41183,41183,rodriguezmejiaernestoleonel,rodriguezmejiaernestoleonel,1.0
40795,40795,hernandezsalastransnationalcriminalorganization,hernandezsalastransnationalcriminalorganization,1.0
52019,52019,limitedliabilitycompanyplantfortheproductionofpropellersteeringcolumnssapphire,limitedliabilitycompanyplantfortheproductionofpropellersteeringcolumnssapphire,1.0
43070,43070,leadingproductionandtechnicalenterprisegranit,leadingproductionandtechnicalenterprisegranit,1.0
48854,48854,dubonosovalekseygennadievich,dubonosovalekseygennadievich,1.0
47110,47110,shamlakhimadyounes,shamlakhimadyounes,1.0
39679,39679,blueberrishippinginc,blueberrishippinginc,1.0
52125,52125,gazpromneftmoscowrefineryjointstockcompany,gazpromneftmoscowrefineryjointstockcompany,1.0
45393,45393,hubeivastchemicalcolimited,hubeivastchemicalcolimited,1.0
37438,37438,nabizadakamaluddingulam,nabizadakamaluddingulam,1.0
36959,36959,sobolalexanderivanovich,sobolalexanderivanovich,1.0
48709,48709,albaitalkhaleejegeneraltradingllc,albaitalkhaleejegeneraltradingllc,1.0
35163,35163,creditbankofmoscowpublicjointstockcompany,creditbankofmoscowpublicjointstockcompany,1.0
46003,46003,besprozvannykhalekseysergeevich,besprozvannykhalekseysergeevich,1.0
45940,45940,limitedliabilitycompanysputnikspetspostavka,limitedliabilitycompanysputnikspetspostavka,1.0
11533,11533,hongkongelectronics,hongkongelectronics,1.0
47780,47780,limitedliabilitycompanyrimera,limitedliabilitycompanyrimera,1.0
23404,23404,motorcycleartltd,motorcycleartltd,1.0
44026,44026,tokdemirmehmet,tokdemirmehmet,1.0
9601,9601,meadowbrookinvestmentslimited,meadowbrookinvestmentslimited,1.0
34665,34665,psbinnovationsandinvestmentslimitedliabilitycompany,psbinnovationsandinvestmentslimitedliabilitycompany,1.0
16714,16714,volodinvyacheslavvictorovich,volodinvyacheslavvictorovich,1.0
17269,17269,hilalahmarsocietyindonesia,hilalahmarsocietyindonesia,1.0
47528,47528,rangevision,rangevision,1.0
22053,22053,anissamih,anissamih,1.0
16225,16225,lahbousmohamed,lahbousmohamed,1.0
30605,30605,akhmatovdzhabrailalkhazurovich,akhmatovdzhabrailalkhazurovich,1.0
11473,11473,hernandezmejiajorgealberto,hernandezmejiajorgealberto,1.0
49141,49141,horizonadvancedsolutionsgeneraltradingsoleproprietorshipllc,horizonadvancedsolutionsgeneraltradingsoleproprietorshipllc,1.0
7708,7708,kordicdario,kordicdario,1.0
15258,15258,rasconramirezjosejavier,rasconramirezjosejavier,1.0
48488,48488,otkrytoeaktsionernoeobshchestvovserossiiskiinauchnoissledovatelskiiproektnokonstruktorskiiitekhnologicheskiiinstitutkabelnoipromyshlennosti,otkrytoeaktsionernoeobshchestvovserossiiskiinauchnoissledovatelskiiproektnokonstruktorskiiitekhnologicheskiiinstitutkabelnoipromyshlennosti,1.0
26185,26185,yermakovivansergeyevich,yermakovivansergeyevich,1.0
45390,45390,micunovicbranislav,micunovicbranislav,1.0
19140,19140,reynafelixismael,reynafelixismael,1.0
29831,29831,azizabadirezamohammadi,azizabadirezamohammadi,1.0
18315,18315,stateenterpriseyaltaseatradingport,stateenterpriseyaltaseatradingport,1.0
40779,40779,vendoregmbh,vendoregmbh,1.0
40787,40787,malinovnikolaysimeonov,malinovnikolaysimeonov,1.0
27853,27853,qomimohsen,qomimohsen,1.0
33176,33176,novikausiarheiihnatavich,novikausiarheiihnatavich,1.0
48260,48260,limitedliabilitycompanyalis,limitedliabilitycompanyalis,1.0
12591,12591,noorullahhaji,noorullahhaji,1.0
19100,19100,lordsresistancearmy,lordsresistancearmy,1.0
49344,49344,cpsproseskontrolurunlerisanayiveticaretanonimsirketi,cpsproseskontrolurunlerisanayiveticaretanonimsirketi,1.0
22244,22244,shanghainorthbeginsinternational,shanghainorthbeginsinternational,1.0
51169,51169,avtexsemiconductorlimited,avtexsemiconductorlimited,1.0
48812,48812,jointstockcompanyrudnikkaralveem,jointstockcompanyrudnikkaralveem,1.0
37219,37219,ooonordmarine,ooonordmarine,1.0
46674,46674,jointstockcompanyscientificandtechnicalcompanyazimutphotonics,jointstockcompanyscientificandtechnicalcompanyazimutphotonics,1.0
50317,50317,limitedliabilitycompanymint,limitedliabilitycompanymint,1.0
43616,43616,choeunjong,choeunjong,1.0
28545,28545,kadkhodaeiabbasali,kadkhodaeiabbasali,1.0
20564,20564,dandonghongxiangindustrialdevelopmentcoltd,dandonghongxiangindustrialdevelopmentcoltd,1.0
26194,26194,boyarkinvictoralekseyevich,boyarkinvictoralekseyevich,1.0
37333,37333,krasheninnikovpavelvladimirovich,krasheninnikovpavelvladimirovich,1.0
40998,40998,kobzevigorivanovich,kobzevigorivanovich,1.0
49351,49351,xiaolumu,xiaolumu,1.0
7320,7320,vallejofrancoinigo,vallejofrancoinigo,1.0
24185,24185,gazpromburenieooo,gazpromburenieooo,1.0
29241,29241,productiveprojectsadministration,productiveprojectsadministration,1.0
49444,49444,limitedliabilitycompanycoalstartrans,limitedliabilitycompanycoalstartrans,1.0
21737,21737,dandongrichearthtradingcoltd,dandongrichearthtradingcoltd,1.0
50894,50894,limitedliabilitycompanyorganicandprintedelectronicstechnologies,limitedliabilitycompanyorganicandprintedelectronicstechnologies,1.0
30885,30885,ahmedismailfuadrasul,ahmedismailfuadrasul,1.0
24533,24533,aminimeghdad,aminimeghdad,1.0
50750,50750,technobearinglimitedcompany,technobearinglimitedcompany,1.0
48771,48771,lahicenergymahdudmasuliyyatlicamiyyati,lahicenergymahdudmasuliyyatlicamiyyati,1.0
46696,46696,mordoviaradioelectroniccompany,mordoviaradioelectroniccompany,1.0
48990,48990,transkapitallimitedliabilitycompany,transkapitallimitedliabilitycompany,1.0
35603,35603,gurulevandreyviktorovich,gurulevandreyviktorovich,1.0
46249,46249,oztuncekremabdulkerym,oztuncekremabdulkerym,1.0
25431,25431,irislmaritimetraininginstitute,irislmaritimetraininginstitute,1.0
8819,8819,lukicsreten,lukicsreten,1.0
52815,52815,gozosogroupltd,gozosogroupltd,1.0
18645,18645,muthananasser,muthananasser,1.0
18367,18367,jpadvertisingsadecv,jpadvertisingsadecv,1.0
13023,13023,alvarezzepedaoscar,alvarezzepedaoscar,1.0
31678,31678,internaltroopsoftheministryofinternalaffairsoftherepublicofbelarus,internaltroopsoftheministryofinternalaffairsoftherepublicofbelarus,1.0
40881,40881,shanghaixuanrunshippingcompanylimited,shanghaixuanrunshippingcompanylimited,1.0
37367,37367,savitskayasvetlanaevgenievna,savitskayasvetlanaevgenievna,1.0
7744,7744,mladicratko,mladicratko,1.0
52721,52721,heilongjiangshunshengeconomicandtradedevelopmentcoltd,heilongjiangshunshengeconomicandtradedevelopmentcoltd,1.0
49031,49031,noorahmadimasoud,noorahmadimasoud,1.0
44080,44080,osipyaninstituteofsolidstatephysicsoftherussianacademyofsciences,osipyaninstituteofsolidstatephysicsoftherussianacademyofsciences,1.0
21727,21727,jedimuhammadwanndybinmohamed,jedimuhammadwanndybinmohamed,1.0
2186,2186,vinalestours,vinalestours,1.0
35643,35643,kizeevmikhailvladimirovich,kizeevmikhailvladimirovich,1.0
22028,22028,salmanshadi,salmanshadi,1.0
48634,48634,magellanicphoenixmarineandtradinglimited,magellanicphoenixmarineandtradinglimited,1.0
27229,27229,awadkamalabdelrahmanaref,awadkamalabdelrahmanaref,1.0
49308,49308,ooosepozem,ooosepozem,1.0
45404,45404,wangmingming,wangmingming,1.0
36917,36917,seredamikhailleonidovich,seredamikhailleonidovich,1.0
50891,50891,instituteforinformationtransmissionproblemsoftherussianacademyofsciences,instituteforinformationtransmissionproblemsoftherussianacademyofsciences,1.0
1570,1570,nordstrandltd,nordstrandltd,1.0
15140,15140,sinashippingcompanylimited,sinashippingcompanylimited,1.0
50984,50984,gitsistems,gitsistems,1.0
48519,48519,alexanderelectricdon,alexanderelectricdon,1.0
26235,26235,malkevichalexanderaleksandrovich,malkevichalexanderaleksandrovich,1.0
28702,28702,bahjatalkawtharcompanyforconstructionandtradingltd,bahjatalkawtharcompanyforconstructionandtradingltd,1.0
44286,44286,riseonicholdingsltd,riseonicholdingsltd,1.0
10995,10995,gaxiolagarciarigoberto,gaxiolagarciarigoberto,1.0
21207,21207,alqasiun,alqasiun,1.0
47317,47317,almanacshipmanagementllc,almanacshipmanagementllc,1.0
37442,37442,scfmanagementservicescyprusltd,scfmanagementservicescyprusltd,1.0
25436,25436,basovaleksandrvasilevich,basovaleksandrvasilevich,1.0
25783,25783,islamicrepublicofiranchinashippinglines,islamicrepublicofiranchinashippinglines,1.0
26842,26842,persiangulfapadanapetrochemicalcompany,persiangulfapadanapetrochemicalcompany,1.0
10743,10743,muhammadsirajuddinhaqqanijalaluddinkhwasa,muhammadsirajuddinhaqqanijalaluddinkhwasa,1.0
11959,11959,estradagonzalezeduardo,estradagonzalezeduardo,1.0
42617,42617,diarraalouboi,diarraalouboi,1.0
39197,39197,ochoavillagranerickmanuel,ochoavillagranerickmanuel,1.0
36792,36792,goritskydmitryyuryevich,goritskydmitryyuryevich,1.0
46500,46500,leonrodriguezjuvenal,leonrodriguezjuvenal,1.0
48094,48094,royalroomdress,royalroomdress,1.0
37827,37827,76thguardsairborneassaultchernigovredbannerorderofsuvorovdivision,76thguardsairborneassaultchernigovredbannerorderofsuvorovdivision,1.0
18823,18823,asesoresturisticossadecv,asesoresturisticossadecv,1.0
52075,52075,bradensandrejs,bradensandrejs,1.0
35418,35418,ivanyuzhenkovborisviktorovich,ivanyuzhenkovborisviktorovich,1.0
28922,28922,ashraqhamidraza,ashraqhamidraza,1.0
7863,7863,altikritirukanrazukiabdalghafursulaiman,altikritirukanrazukiabdalghafursulaiman,1.0
22261,22261,chamislamicbank,chamislamicbank,1.0
7804,7804,tadicmiroslav,tadicmiroslav,1.0
7644,7637,alaqsafoundation,alaqsafoundation,1.0
46647,46647,griffonfzc,griffonfzc,1.0
15854,15854,tfmcthefoodmanagementcorporationltd,tfmcthefoodmanagementcorporationltd,1.0
16393,16393,litvinovalarisaanatolievna,litvinovalarisaanatolievna,1.0
25418,25418,bankkargoshaee,bankkargoshaee,1.0
12309,12309,alvarezzepedaalfredo,alvarezzepedaalfredo,1.0
46622,46622,sunshipmanagementdltd,sunshipmanagementdltd,1.0
21952,21952,husaynali,husaynali,1.0
35315,35315,shuvalovigorivanovich,shuvalovigorivanovich,1.0
26517,26517,llcnovyeproekty,llcnovyeproekty,1.0
48688,48688,limitedliabilitycompanylenakhim,limitedliabilitycompanylenakhim,1.0
21732,21732,crawfordshanedominic,crawfordshanedominic,1.0
44968,44968,kirovskyzavodpublicjointstockcompany,kirovskyzavodpublicjointstockcompany,1.0
44041,44041,jointstockcompanyexperimentaldesignbureaufakel,jointstockcompanyexperimentaldesignbureaufakel,1.0
47337,47337,shwebyainphyugroupofcompanies,shwebyainphyugroupofcompanies,1.0
24758,24758,jabbarabdul,jabbarabdul,1.0
7743,7743,milutinovicmilan,milutinovicmilan,1.0
27195,27195,linburgindustriesltd,linburgindustriesltd,1.0
15018,15018,gonzalezcardenasjorgeguillermo,gonzalezcardenasjorgeguillermo,1.0
9753,9753,chinanationalprecisionmachineryimportexportcorporation,chinanationalprecisionmachineryimportexportcorporation,1.0
49149,49149,mohamedazruddinintiaz,mohamedazruddinintiaz,1.0
10928,10928,rajahsolaimanmovementrsm,rajahsolaimanmovementrsm,1.0
12527,12527,avendanoojedasergio,avendanoojedasergio,1.0
15259,15259,saboricisnerosraul,saboricisnerosraul,1.0
52555,52555,limitedliabilitycompanynauchnoproizvodstvennoyepredpriyatiyekeramaksinzhiniring,limitedliabilitycompanynauchnoproizvodstvennoyepredpriyatiyekeramaksinzhiniring,1.0
50081,50081,alshahariunitedcorporationltd,alshahariunitedcorporationltd,1.0
49283,49283,jointstockcompanymurommachinebuildingplantproductionassociation,jointstockcompanymurommachinebuildingplantproductionassociation,1.0
30602,30602,kurchaloidistrictofthechechenrepublicbranchoftheministryofinternalaffairsoftherussianfederation,kurchaloidistrictofthechechenrepublicbranchoftheministryofinternalaffairsoftherussianfederation,1.0
33332,33332,ismailtalibhusaynalijarak,ismailtalibhusaynalijarak,1.0
41044,41044,degtyarevmikhailvladimirovich,degtyarevmikhailvladimirovich,1.0
8265,8265,barakatassadahmad,barakatassadahmad,1.0
4714,4714,revolutionarypeoplesstruggle,revolutionarypeoplesstruggle,1.0
26081,26081,abahussainmansourothmanm,abahussainmansourothmanm,1.0
9545,9545,progresssuraweecompanyltd,progresssuraweecompanyltd,1.0
50968,50968,aktsionernoeobshchestvoakusticheskiinstitutimeniakademikannandreeva,aktsionernoeobshchestvoakusticheskiinstitutimeniakademikannandreeva,1.0
42745,42745,rbconsultinglimited,rbconsultinglimited,1.0
17274,17274,pershadaanggadimas,pershadaanggadimas,1.0
30524,30524,mksofttech,mksofttech,1.0
48341,48341,ramirezcarrerajosue,ramirezcarrerajosue,1.0
25634,25634,toseedidariranianholdingcompany,toseedidariranianholdingcompany,1.0
31951,31951,khanfurahalaa,khanfurahalaa,1.0
50385,50385,limitedliabilitycompanyrazrezberezovskiy,limitedliabilitycompanyrazrezberezovskiy,1.0
51952,51952,nikipelovandreivladimirovich,nikipelovandreivladimirovich,1.0
44244,44244,rgrealestategmbhcokg,rgrealestategmbhcokg,1.0
37021,37021,dvestolitsyooo,dvestolitsyooo,1.0
47484,47484,svorcanmarko,svorcanmarko,1.0
31851,31851,maindirectorateforcombatingorganizedcrimeandcorruptionofthemvdoftherepublicofbelarus,maindirectorateforcombatingorganizedcrimeandcorruptionofthemvdoftherepublicofbelarus,1.0
30342,30342,shermanharryvarneygbotonambi,shermanharryvarneygbotonambi,1.0
20277,20277,demidovvalentinvalentinovich,demidovvalentinvalentinovich,1.0
20961,20961,muallabadi,muallabadi,1.0
22484,22484,majelismujahidinindonesia,majelismujahidinindonesia,1.0
17949,17949,canalesriveraelmer,canalesriveraelmer,1.0
10493,10493,omransahel,omransahel,1.0
8387,8387,meedinternationallimited,meedinternationallimited,1.0
6944,6944,alsharifsadabdullahhussein,alsharifsadabdullahhussein,1.0
45998,45998,llcaeonholdingdevelopment,llcaeonholdingdevelopment,1.0
48639,48639,algoritmtochnosti,algoritmtochnosti,1.0
17034,17034,amhazkamelmohamad,amhazkamelmohamad,1.0
47772,47772,limitedliabilitycompanytmkpipelinesolutions,limitedliabilitycompanytmkpipelinesolutions,1.0
51760,51760,rossitabank,rossitabank,1.0
41876,41876,plkapitzainstituteforphysicalproblemsrussianacademyofsciences,plkapitzainstituteforphysicalproblemsrussianacademyofsciences,1.0
51471,51471,jscservicereestr,jscservicereestr,1.0
29107,29107,meroegoldcoltd,meroegoldcoltd,1.0
46469,46469,awadallahnizarmohammed,awadallahnizarmohammed,1.0
49188,49188,technologyresearchcentreankltd,technologyresearchcentreankltd,1.0
12110,12110,umarovdoku,umarovdoku,1.0
7192,7192,olarraguridijuanantonio,olarraguridijuanantonio,1.0
42716,42716,federalstatebudgetaryeducationalinstitutionofhighereducationgroznystateoiltechnicaluniversitynamedafteracademicianmdmillionshchikov,federalstatebudgetaryeducationalinstitutionofhighereducationgroznystateoiltechnicaluniversitynamedafteracademicianmdmillionshchikov,1.0
26817,26817,persiangulfpetrochemicalindustryco,persiangulfpetrochemicalindustryco,1.0
45733,45733,365daysfreightservicesfzco,365daysfreightservicesfzco,1.0
16499,16499,aljuhniabdalrahmanmuhammadzafiraldubaysi,aljuhniabdalrahmanmuhammadzafiraldubaysi,1.0
33674,33674,zhuoxinrong,zhuoxinrong,1.0
6368,6368,musarifaiahmadtaha,musarifaiahmadtaha,1.0
4635,4635,bankrefahkargaran,bankrefahkargaran,1.0
37390,37390,chilingarovarturnikolaevich,chilingarovarturnikolaevich,1.0
52735,52735,dragicevicdanijel,dragicevicdanijel,1.0
26347,26347,fatemiyoundivision,fatemiyoundivision,1.0
46722,46722,fortianaholdingslimited,fortianaholdingslimited,1.0
651,651,delvestholdingsa,delvestholdingsa,1.0
19890,19890,islamicstateofiraqandashshaminlibya,islamicstateofiraqandashshaminlibya,1.0
48219,48219,koreamandalcreditbank,koreamandalcreditbank,1.0
51273,51273,powermaninternationalpteltd,powermaninternationalpteltd,1.0
36781,36781,epifanovaolganikolayevna,epifanovaolganikolayevna,1.0
51085,51085,severnyivetertblimitedliabilitycompany,severnyivetertblimitedliabilitycompany,1.0
34596,34596,kiriyenkovladimirsergeevich,kiriyenkovladimirsergeevich,1.0
46858,46858,alodharikhaledyahyarageh,alodharikhaledyahyarageh,1.0
48884,48884,terlikovandreyleonidovich,terlikovandreyleonidovich,1.0
21937,21937,ayyubirashid,ayyubirashid,1.0
44718,44718,semenovroman,semenovroman,1.0
36366,36366,limitedliabilitycompanyvladeks,limitedliabilitycompanyvladeks,1.0
10987,10987,garciaduranmariadelrosario,garciaduranmariadelrosario,1.0
35548,35548,arshinovaalenaigorevna,arshinovaalenaigorevna,1.0
28035,28035,garangangelokuot,garangangelokuot,1.0
49957,49957,radiolineltd,radiolineltd,1.0
23567,23567,toporgilkasergeyanatolyevich,toporgilkasergeyanatolyevich,1.0
49951,49951,limitedliabilitycompanyumnyisklad,limitedliabilitycompanyumnyisklad,1.0
25065,25065,andishehmehvaraninvestmentcompany,andishehmehvaraninvestmentcompany,1.0
47493,47493,limitedliabilitycompanyfortdialogservice,limitedliabilitycompanyfortdialogservice,1.0
38656,38656,shoiguirinaaleksandrovna,shoiguirinaaleksandrovna,1.0
21954,21954,aqqadziyad,aqqadziyad,1.0
13416,13416,fawazabbasloutfe,fawazabbasloutfe,1.0
15233,15233,zagariamichele,zagariamichele,1.0
48943,48943,kseoprom,kseoprom,1.0
47387,47387,innodrivelimitedliabilitycompany,innodrivelimitedliabilitycompany,1.0
30846,30846,qudsrazavitraditionaltileco,qudsrazavitraditionaltileco,1.0
37772,37772,jointstockcompanyscientificresearchinstitutegiricond,jointstockcompanyscientificresearchinstitutegiricond,1.0
51021,51021,delcofabiolibero,delcofabiolibero,1.0
15862,15862,fernandezgonzalezcarolina,fernandezgonzalezcarolina,1.0
13029,13029,alqarawisaleh,alqarawisaleh,1.0
42537,42537,absalanparviz,absalanparviz,1.0
49536,49536,freshvaleeood,freshvaleeood,1.0
29319,29319,pengjiarui,pengjiarui,1.0
7837,7837,jendoubifaouzibenmohamedbenahmed,jendoubifaouzibenmohamedbenahmed,1.0
45933,45933,limitedliabilitycompanynanochip,limitedliabilitycompanynanochip,1.0
51535,51535,tnggrupp,tnggrupp,1.0
39161,39161,jointstockcompanyresearchanddevelopmententerprisesapfir,jointstockcompanyresearchanddevelopmententerprisesapfir,1.0
10375,10375,alahmadahmadmuhammadyunis,alahmadahmadmuhammadyunis,1.0
44720,44720,ooonovyiaitiproekt,ooonovyiaitiproekt,1.0
46869,46869,pirlantistanbulkuyumculukticaretlimitedsirketi,pirlantistanbulkuyumculukticaretlimitedsirketi,1.0
24547,24547,alsahrawiadnanabuwalid,alsahrawiadnanabuwalid,1.0
25467,25467,httshanseatictradetrustshippinggmbh,httshanseatictradetrustshippinggmbh,1.0
50164,50164,obshchestvosogranichennoiotvetstvennostyunndevelopment,obshchestvosogranichennoiotvetstvennostyunndevelopment,1.0
45351,45351,xingtaidongchuangnewmaterialtechnologycoltd,xingtaidongchuangnewmaterialtechnologycoltd,1.0
50808,50808,limitedliabilitycompanystm,limitedliabilitycompanystm,1.0
11418,11418,transportesaereosunidosselvaamazonicasa,transportesaereosunidosselvaamazonicasa,1.0
20112,20112,gonzalezvalenciaedgareden,gonzalezvalenciaedgareden,1.0
51043,51043,atwisilvana,atwisilvana,1.0
47607,47607,lidermashstanki,lidermashstanki,1.0
28537,28537,mirathsal,mirathsal,1.0
24563,24563,carescortservicessaloffshore,carescortservicessaloffshore,1.0
41478,41478,aeromotusunmannedaerialvehiclestradingllc,aeromotusunmannedaerialvehiclestradingllc,1.0
7678,7678,elshanigafur,elshanigafur,1.0
35527,35527,saryglaraydynnikolayevich,saryglaraydynnikolayevich,1.0
37519,37519,ramenskoyedesigncompanyjointstockcompany,ramenskoyedesigncompanyjointstockcompany,1.0
46871,46871,denizfadi,denizfadi,1.0
44865,44865,ahmadinejadmahmoud,ahmadinejadmahmoud,1.0
49232,49232,aktsionernoeobshchestvosinaratransportnyemashiny,aktsionernoeobshchestvosinaratransportnyemashiny,1.0
40129,40129,nesterovolegyuryevich,nesterovolegyuryevich,1.0
38976,38976,successaviationservicesfzc,successaviationservicesfzc,1.0
17386,17386,alhakimabdullahyahya,alhakimabdullahyahya,1.0
7691,7691,haradinajdaut,haradinajdaut,1.0
40865,40865,argonooo,argonooo,1.0
47845,47845,limitedliabilitycompanymodernmarinearctictransportspg,limitedliabilitycompanymodernmarinearctictransportspg,1.0
51604,51604,limitedliabilitycompanywelltech,limitedliabilitycompanywelltech,1.0
15991,15991,mirhejaziasghar,mirhejaziasghar,1.0
33960,33960,mezaolivaresalmayanira,mezaolivaresalmayanira,1.0
47624,47624,ooologfortra,ooologfortra,1.0
15568,15568,alnayefsaadabdelsalam,alnayefsaadabdelsalam,1.0
32742,32742,churoleanidmikalaevich,churoleanidmikalaevich,1.0
50398,50398,limitedliabilitycompanyregionalnyeproektnostroitelnyesistemy,limitedliabilitycompanyregionalnyeproektnostroitelnyesistemy,1.0
33252,33252,damirchilusamaneh,damirchilusamaneh,1.0
33281,33281,albanaisulaiman,albanaisulaiman,1.0
52356,52356,meratkaveh,meratkaveh,1.0
46172,46172,choumankhaled,choumankhaled,1.0
44847,44847,globaltranslimited,globaltranslimited,1.0
50986,50986,aktsionernoeobshchestvokazanskiizavodsinteticheskogokauchuka,aktsionernoeobshchestvokazanskiizavodsinteticheskogokauchuka,1.0
27426,27426,caroiltransportmarineltd,caroiltransportmarineltd,1.0
22266,22266,farasatpourmorteza,farasatpourmorteza,1.0
49838,49838,binahmadmohammadroslan,binahmadmohammadroslan,1.0
16173,16173,riveramaradiagasantosisidro,riveramaradiagasantosisidro,1.0
39215,39215,cherevkoserhiymykolayovych,cherevkoserhiymykolayovych,1.0
21970,21970,alhusaynmashhur,alhusaynmashhur,1.0
48292,48292,mazixonverwaltungsgmbh,mazixonverwaltungsgmbh,1.0
45058,45058,bokarevandreiremovich,bokarevandreiremovich,1.0
50258,50258,jointstockcompanyeka,jointstockcompanyeka,1.0
51915,51915,odinemarineincorporated,odinemarineincorporated,1.0
18710,18710,setelembanklimitedliabilitycompany,setelembanklimitedliabilitycompany,1.0
9600,9600,sarapropertieslimited,sarapropertieslimited,1.0
41379,41379,yasongeneralmachinerycoltd,yasongeneralmachinerycoltd,1.0
36818,36818,kulikovskihninagermanovna,kulikovskihninagermanovna,1.0
46702,46702,jointstockcompanykazancompressormachineryplant,jointstockcompanykazancompressormachineryplant,1.0
47339,47339,alqadirimuhammadali,alqadirimuhammadali,1.0
42083,42083,limitedliabilitycompanyforum,limitedliabilitycompanyforum,1.0
50721,50721,barakatkhaled,barakatkhaled,1.0
51264,51264,midaslightinglimited,midaslightinglimited,1.0
46692,46692,jointstockcompanykrasnoznamensksemiconductorsfactoryarsenal,jointstockcompanykrasnoznamensksemiconductorsfactoryarsenal,1.0
26510,26510,zelenodolskshipyardplantnamedafteramgorky,zelenodolskshipyardplantnamedafteramgorky,1.0
25042,25042,neginsahelroyalinvestmentcompany,neginsahelroyalinvestmentcompany,1.0
24034,24034,sabahiroozbeh,sabahiroozbeh,1.0
18588,18588,alharbinasirmuhammadawadalghidani,alharbinasirmuhammadawadalghidani,1.0
47430,47430,obshchestvosogranichennoiotvetstvennostyuambrellaindastrial,obshchestvosogranichennoiotvetstvennostyuambrellaindastrial,1.0
40681,40681,malasmanas,malasmanas,1.0
36805,36805,karelovagalinanikolayevna,karelovagalinanikolayevna,1.0
52113,52113,imsongjin,imsongjin,1.0
46498,46498,estradagutierrezjosuedejesus,estradagutierrezjosuedejesus,1.0
50245,50245,kuzmenkoigorvladimirovich,kuzmenkoigorvladimirovich,1.0
47670,47670,finansovyeinformatsionnyesistemy,finansovyeinformatsionnyesistemy,1.0
9764,9764,yamahdiindustriesgroup,yamahdiindustriesgroup,1.0
20157,20157,kimjongun,kimjongun,1.0
47181,47181,companiaminerainternacionalsociedadanonima,companiaminerainternacionalsociedadanonima,1.0
23308,23308,rivasreyesrobertojose,rivasreyesrobertojose,1.0
51666,51666,jointstockcommercialbanknationalreservebankjointstockcompany,jointstockcommercialbanknationalreservebankjointstockcompany,1.0
33132,33132,sadeghikiya,sadeghikiya,1.0
46743,46743,wargosindustrylimited,wargosindustrylimited,1.0
41120,41120,limitedliabilitycompanyadmsystems,limitedliabilitycompanyadmsystems,1.0
46870,46870,abusumbolgeneraltradingllc,abusumbolgeneraltradingllc,1.0
47356,47356,dulingtechnologyhklimited,dulingtechnologyhklimited,1.0
50731,50731,federalstatebudgetaryinstitutionrussianacademyofrocketandartillerysciences,federalstatebudgetaryinstitutionrussianacademyofrocketandartillerysciences,1.0
42020,42020,diamvillesau,diamvillesau,1.0
29462,29462,ibrahimyasserhussein,ibrahimyasserhussein,1.0
51403,51403,dragonsecuregmbh,dragonsecuregmbh,1.0
47272,47272,sabaturkdisticaretanonimsirketi,sabaturkdisticaretanonimsirketi,1.0
17788,17788,takeuchiteruaki,takeuchiteruaki,1.0
11643,11643,industrialdevelopmentandrenovationorganizationofiran,industrialdevelopmentandrenovationorganizationofiran,1.0
11614,11614,ascotecmineralmachinerygmbh,ascotecmineralmachinerygmbh,1.0
51210,51210,avatendustriyelsistemleriicvedisticaretlimitedsirketi,avatendustriyelsistemleriicvedisticaretlimitedsirketi,1.0
39701,39701,tritonnavigationcorp,tritonnavigationcorp,1.0
44884,44884,arktectehnologijenapodrocjuelektronikedoo,arktectehnologijenapodrocjuelektronikedoo,1.0
51842,51842,maganovnailulfatovich,maganovnailulfatovich,1.0
21185,21185,kovtundmitri,kovtundmitri,1.0
51613,51613,gazpromneftmarinebunkerlimitedliabilitycompany,gazpromneftmarinebunkerlimitedliabilitycompany,1.0
51268,51268,castillobollewilliamalfredo,castillobollewilliamalfredo,1.0
7473,7473,theriyadussalikhinreconnaissanceandsabotagebattalionofchechenmartyrs,theriyadussalikhinreconnaissanceandsabotagebattalionofchechenmartyrs,1.0
11635,11635,petroparsuklimited,petroparsuklimited,1.0
24812,24812,33rdlightinfantrydivisionoftheburmesearmy,33rdlightinfantrydivisionoftheburmesearmy,1.0
47168,47168,alshabbanibasheerabdulkadhimalwan,alshabbanibasheerabdulkadhimalwan,1.0
45045,45045,limitedliabilitycompanylisgrupp,limitedliabilitycompanylisgrupp,1.0
